country,source,title,url,published,cutoff
united-states,The Guardian,"Putin persists, Trump dithers – and a just peace for Ukraine still seems a long way off | Olga Chyzh",https://www.theguardian.com/commentisfree/2025/aug/31/donald-trump-vladimir-putin-russia-us-ukraine-peace,2025-08-31,2025-08-25
united-states,The Guardian,"UK still intends to recognise a Palestinian state, David Lammy to tell MPs",https://www.theguardian.com/politics/2025/aug/31/uk-still-intends-to-recognise-a-palestinian-state-david-lammy-to-tell-mps,2025-08-31,2025-08-25
united-states,The Guardian,Is flying the St George’s cross a sign of racism or patriotism? | Letters,https://www.theguardian.com/uk-news/2025/aug/31/is-flying-the-st-georges-cross-a-sign-of-racism-or-patriotism,2025-08-31,2025-08-25
united-states,The Guardian,The Cracker Barrel mess exposes the cynicism of the rightwing culture war | Sidney Blumenthal,https://www.theguardian.com/commentisfree/2025/aug/29/cracker-barrel-rightwing-culture-war,2025-08-31,2025-08-25
united-states,The Guardian,"Putin, Modi and Erdoğan among leaders in China for talks with Xi",https://www.theguardian.com/world/2025/aug/31/putin-modi-erdogan-xi-china-talks,2025-08-31,2025-08-25
united-states,The Guardian,Illicit and 3D-printed firearms are a growing problem. Authorities are struggling to keep up,https://www.theguardian.com/australia-news/2025/sep/01/australia-gun-control-laws-3d-printed-firearms-ntwnfb,2025-08-31,2025-08-25
united-states,The Guardian,‘It happened so fast’: the shocking reality of indoor heat deaths in Arizona,https://www.theguardian.com/us-news/2025/aug/31/phoenix-heat-deaths,2025-08-31,2025-08-25
united-states,The Guardian,I’m a liberal who loves hunting. Allow me to change your mind,https://www.theguardian.com/us-news/ng-interactive/2025/aug/31/hunting-personal-essay,2025-08-31,2025-08-25
united-states,The Guardian,‘I’m holding his political wake’: the trumpeter waiting to mark Bolsonaro’s judgment day,https://www.theguardian.com/world/2025/aug/31/im-holding-his-political-wake-trumpeter-waiting-to-mark-jair-bolsonaro-judgment-day,2025-08-31,2025-08-25
united-states,The Guardian,Ghislaine Maxwell hinted at Epstein’s ties to Trump officials – why wasn’t she pressed for names?,https://www.theguardian.com/us-news/2025/aug/31/ghislaine-maxwell-epstein-trump,2025-08-31,2025-08-25
united-states,The Guardian,How Trump and corporations have hobbled US labor watchdog,https://www.theguardian.com/business/2025/aug/31/trump-labor-watchdog-nlrb,2025-08-31,2025-08-25
united-states,The Guardian,‘He’s trying to rig the midterms’: Trump intervenes to protect his allies in Congress,https://www.theguardian.com/us-news/2025/aug/31/trump-congress-midterm-elections,2025-08-31,2025-08-25
united-states,The Guardian,Has Trump succeeded in normalising American autocracy?,https://www.theguardian.com/us-news/2025/aug/31/trump-american-autocracy-authoritarianism,2025-08-31,2025-08-25
united-states,The Guardian,Debunking climate misinformation is becoming a full-time job – but you can help defend the facts | Jonathan Watts,https://www.theguardian.com/environment/2025/aug/31/debunking-climate-misinformation-is-becoming-a-full-time-job-but-you-can-help-defend-the-facts,2025-08-31,2025-08-25
united-states,Al Jazeera,"Trump to order voter ID for every vote, ‘no exceptions’",https://www.aljazeera.com/news/2025/8/31/trump-to-order-voter-id-for-every-vote-no-exceptions,2025-08-31,2025-08-25
united-states,The Guardian,Pep Guardiola confident of good season for Manchester City after seeing improvement,https://www.theguardian.com/football/2025/aug/30/pep-guardiola-confident-of-good-season-for-manchester-city-after-seeing-improvement,2025-08-30,2025-08-25
united-states,The Guardian,More than 500 workers at Voice of America and other broadcasters to be laid off,https://www.theguardian.com/us-news/2025/aug/30/voice-of-america-lay-offs,2025-08-30,2025-08-25
united-states,The Guardian,Elizabeth Terland fires Manchester United a step closer to Women’s Champions League,https://www.theguardian.com/football/2025/aug/30/elizabeth-terland-fires-manchester-united-a-step-closer-to-womens-champions-league,2025-08-30,2025-08-25
united-states,The Guardian,Leeds 0-0 Newcastle: Premier League – as it happened,https://www.theguardian.com/football/live/2025/aug/30/leeds-v-newcastle-premier-league-live,2025-08-30,2025-08-25
united-states,The Guardian,Federal judge allows 9/11 case against Saudi Arabia to proceed to trial,https://www.theguardian.com/us-news/2025/aug/30/911-victims-saudi-arabia,2025-08-30,2025-08-25
united-states,The Guardian,Coco Gauff settles serve and nerves to book Osaka clash in US Open last 16,https://www.theguardian.com/sport/2025/aug/30/coco-gauff-us-open-third-round-win-frech,2025-08-30,2025-08-25
united-states,The Guardian,"Manchester United 3-2 Burnley, Tottenham 0-1 Bournemouth and more – as it happened",https://www.theguardian.com/football/live/2025/aug/30/manchester-united-v-burnley-tottenham-v-bournemouth-premier-league-efl-and-more-live,2025-08-30,2025-08-25
united-states,The Guardian,Manchester United squeeze past Burnley with controversial Fernandes penalty,https://www.theguardian.com/football/2025/aug/30/manchester-united-burnley-premier-league-match-report,2025-08-30,2025-08-25
united-states,The Guardian,Vineyards assess damage as wildfire rips through California wine country: ‘a devastating situation’,https://www.theguardian.com/us-news/2025/aug/30/california-vineyards-wildfire-damage-wine,2025-08-30,2025-08-25
united-states,The Guardian,Here’s what to know about the court ruling striking down Trump’s tariffs,https://www.theguardian.com/us-news/2025/aug/30/trump-tariffs-explainer,2025-08-30,2025-08-25
united-states,The Guardian,‘I’m not coming home’: Trump policy holds people in Ice custody without bail,https://www.theguardian.com/us-news/2025/aug/30/immigration-custody-bail-trump,2025-08-30,2025-08-25
united-states,The Guardian,"Hypercapitalist hellhole or city of dreams? Behind the cliches, let me show you the real Dubai | Momtaza Mehri",https://www.theguardian.com/commentisfree/2025/aug/30/dubai-city-capitalist-cliche-west,2025-08-30,2025-08-25
united-states,The Guardian,Chairman Trump: has the US turned its back on free-market capitalism?,https://www.theguardian.com/us-news/2025/aug/30/chairman-trump-us-economy,2025-08-30,2025-08-25
united-states,The Guardian,Women’s Rugby World Cup needs jeopardy to stay in Monday morning conversations | Andy Bull,https://www.theguardian.com/sport/2025/aug/30/womens-rugby-world-cup-needs-jeopardy-to-stay-in-monday-morning-conversations,2025-08-30,2025-08-25
united-states,The Guardian,Rangers and Celtic fans united in anger going into derby after European disasters,https://www.theguardian.com/football/2025/aug/30/rangers-and-celtic-fans-united-in-anger-going-into-derby-after-european-disasters,2025-08-30,2025-08-25
united-states,The Guardian,Reform UK councillor suspended from job at Home Office processing asylum claims,https://www.theguardian.com/politics/2025/aug/30/reform-uk-councillor-suspended-from-job-at-home-office-processing-asylum-claims,2025-08-30,2025-08-25
united-states,The Guardian,Ukraine war briefing: US says strikes ‘cast doubt’ on Russia’s ‘desire for peace’ as Dnipropetrovsk attacked,https://www.theguardian.com/world/2025/aug/30/ukraine-war-briefing-us-says-strikes-cast-doubt-on-russias-desire-for-peace-as-dnipropetrovsk-attacked,2025-08-30,2025-08-25
united-states,The Guardian,US appeals court rules most of Trump’s sweeping global tariffs illegal – as it happened,https://www.theguardian.com/us-news/live/2025/aug/29/cdc-robert-f-kennedy-jr-donald-trump-federal-reserve-lisa-cook-latest-us-politics-news-live-updates,2025-08-30,2025-08-25
united-states,The Guardian,Trump news at a glance: court ruling threatens to upend Trump’s tariffs; Kamala’s security detail revoked,https://www.theguardian.com/us-news/2025/aug/30/trump-administration-news-today,2025-08-30,2025-08-25
united-states,The Guardian,"Most of Trump’s tariffs are illegal, federal court rules",https://www.theguardian.com/us-news/2025/aug/29/trump-tariffs-illegal-appeal-court-ruling,2025-08-30,2025-08-25
united-states,The Guardian,"‘Jeff Buckley was a once-in-a-lifetime’: Australia’s 30-year love affair with an enduring, tragic talent",https://www.theguardian.com/music/2025/aug/30/jeff-buckley-30-year-anniversary-first-australia-tour,2025-08-30,2025-08-25
united-states,Al Jazeera,Chicago mayor signs order to resist possible Trump troop deployment,https://www.aljazeera.com/news/2025/8/30/chicago-mayor-signs-order-to-resist-possible-trump-troop-deployment,2025-08-30,2025-08-25
united-states,Al Jazeera,Palestinian Authority urges US to reinstate Abbas’s visa before UNGA,https://www.aljazeera.com/news/2025/8/30/palestinian-authority-urges-us-to-reinstate-abbass-visa-before-unga,2025-08-30,2025-08-25
united-states,Al Jazeera,Iran arrests eight suspected of spying for Israel’s Mossad in 12-day war,https://www.aljazeera.com/news/2025/8/30/iran-arrests-eight-suspected-of-spying-for-israels-mossad-in-12-day-war,2025-08-30,2025-08-25
united-states,Al Jazeera,Who can get updated COVID-19 vaccines in the US now?,https://www.aljazeera.com/news/2025/8/30/who-can-get-updated-covid-19-vaccines-in-the-us-now,2025-08-30,2025-08-25
united-states,Al Jazeera,"India will not ‘bow down’ to US after steep tariffs, trade minister says",https://www.aljazeera.com/news/2025/8/30/india-will-not-bow-down-to-us-after-steep-tariffs-trade-minister-says,2025-08-30,2025-08-25
united-states,Al Jazeera,"Russia, China blast deployment of US ‘Typhon’ missiles to Japan",https://www.aljazeera.com/news/2025/8/30/russia-china-blast-deployment-of-us-typhon-missiles-to-japan,2025-08-30,2025-08-25
united-states,The Guardian,Amorim admits he sometimes ‘hates’ United players and some days ‘wants to quit’,https://www.theguardian.com/football/2025/aug/29/ruben-amorim-manchester-united-head-coach-burnley-premier-league-grimsby-carabao-cup-kobbie-mainoo,2025-08-29,2025-08-25
united-states,The Guardian,Shelton’s first career retirement and Tiafoe loss leave US men reeling at Open,https://www.theguardian.com/sport/2025/aug/29/ben-shelton-shoulder-injury-mannarino-us-open,2025-08-29,2025-08-25
united-states,The Guardian,"Mother of boy, 15, held at gunpoint by US immigration agents files $1m claim",https://www.theguardian.com/us-news/2025/aug/29/immigration-agents-los-angeles-detention-damages-claim,2025-08-29,2025-08-25
united-states,The Guardian,No Other Choice review – sensational state-of-the-nation satire from Park Chan-wook,https://www.theguardian.com/film/2025/aug/29/no-other-choice-review-park-chan-wook,2025-08-29,2025-08-25
united-states,The Guardian,"IDF declares famine-hit Gaza City a combat zone, ending ‘tactical pauses’ that allowed limited food delivery – as it happened",https://www.theguardian.com/world/live/2025/aug/29/gaza-famine-israel-middle-east-lastest-news-updates,2025-08-29,2025-08-25
united-states,The Guardian,Premier League team news: predicted lineups for the weekend action,https://www.theguardian.com/football/2025/aug/29/premier-league-team-news-predicted-lineups-for-the-weekend-action,2025-08-29,2025-08-25
united-states,The Guardian,Step back and take it in: the US is entering full authoritarian mode | Jonathan Freedland,https://www.theguardian.com/commentisfree/2025/aug/29/us-authoritarian-donald-trump-national-guard,2025-08-29,2025-08-25
united-states,The Guardian,Hazel Fox obituary,https://www.theguardian.com/law/2025/aug/29/hazel-fox-obituary,2025-08-29,2025-08-25
united-states,The Guardian,"Texas governor signs new redistricting bill, setting up loss of Democratic seats in US House",https://www.theguardian.com/us-news/2025/aug/29/texas-governor-greg-abbott-signs-redistricting-bill,2025-08-29,2025-08-25
united-states,The Guardian,EU accuses Putin of undermining peace talks after deadly strikes on Kyiv,https://www.theguardian.com/world/2025/aug/29/eu-accuses-putin-of-undermining-peace-talks-after-deadly-strikes-on-kyiv,2025-08-29,2025-08-25
united-states,The Guardian,"Solskjær, Mourinho and a warning for Amorim after Manchester United | Football Daily",https://www.theguardian.com/football/2025/aug/29/solskjaer-mourinho-amorim-warning-manchester-united,2025-08-29,2025-08-25
united-states,The Guardian,Pentagon to restore Confederate general portrait at West Point library,https://www.theguardian.com/us-news/2025/aug/29/robert-e-lee-west-point-portrait-confederate,2025-08-29,2025-08-25
united-states,The Guardian,Man believed dead in ‘Alligator Alcatraz’ is alive as Ice moves him without notice,https://www.theguardian.com/us-news/2025/aug/29/florida-alligator-alcatraz-immigration-velasquez,2025-08-29,2025-08-25
united-states,The Guardian,UN human rights staff urge leadership to declare Israel’s war in Gaza a genocide,https://www.theguardian.com/world/2025/aug/29/un-human-rights-staff-urge-leadership-to-declare-israels-war-in-gaza-a-genocide,2025-08-29,2025-08-25
united-states,The Guardian,UN to end Lebanon peacekeeping mission next year after Israeli and US pressure,https://www.theguardian.com/world/2025/aug/29/un-unifil-lebanon-peacekeeping-mission-withdrawal,2025-08-29,2025-08-25
united-states,Al Jazeera,Trump nixes $679m in funding for offshore wind farms amid fossil fuel push,https://www.aljazeera.com/news/2025/8/29/trump-nixes-679m-in-funding-for-offshore-wind-farms-amid-fossil-fuel-push,2025-08-29,2025-08-25
united-states,Al Jazeera,US appeals court rules Trump’s foreign tariff campaign is largely illegal,https://www.aljazeera.com/news/2025/8/29/us-appeals-court-rules-trumps-foreign-tariff-campaign-is-largely-illegal,2025-08-29,2025-08-25
united-states,Al Jazeera,Texas Governor Greg Abbott signs Trump-backed redistricting bill,https://www.aljazeera.com/news/2025/8/29/texas-governor-greg-abbott-signs-trump-backed-redistricting-bill,2025-08-29,2025-08-25
united-states,Al Jazeera,Court blocks Trump effort to end protected status for Venezuelans,https://www.aljazeera.com/news/2025/8/29/court-blocks-trump-effort-to-end-protected-status-for-venezuelans,2025-08-29,2025-08-25
united-kingdom,The Guardian,Is flying the St George’s cross a sign of racism or patriotism? | Letters,https://www.theguardian.com/uk-news/2025/aug/31/is-flying-the-st-georges-cross-a-sign-of-racism-or-patriotism,2025-08-31,2025-08-25
united-kingdom,The Guardian,Norway signs £10bn deal for anti-submarine warships built in UK,https://www.theguardian.com/business/2025/aug/31/norway-signs-10bn-deal-for-anti-submarine-warships-built-in-uk,2025-08-31,2025-08-25
united-kingdom,The Guardian,Elizabeth Terland fires Manchester United a step closer to Women’s Champions League,https://www.theguardian.com/football/2025/aug/30/elizabeth-terland-fires-manchester-united-a-step-closer-to-womens-champions-league,2025-08-30,2025-08-25
united-kingdom,The Guardian,Leeds 0-0 Newcastle: Premier League – as it happened,https://www.theguardian.com/football/live/2025/aug/30/leeds-v-newcastle-premier-league-live,2025-08-30,2025-08-25
united-kingdom,The Guardian,Federal judge allows 9/11 case against Saudi Arabia to proceed to trial,https://www.theguardian.com/us-news/2025/aug/30/911-victims-saudi-arabia,2025-08-30,2025-08-25
united-kingdom,The Guardian,Coco Gauff settles serve and nerves to book Osaka clash in US Open last 16,https://www.theguardian.com/sport/2025/aug/30/coco-gauff-us-open-third-round-win-frech,2025-08-30,2025-08-25
united-kingdom,The Guardian,"Manchester United 3-2 Burnley, Tottenham 0-1 Bournemouth and more – as it happened",https://www.theguardian.com/football/live/2025/aug/30/manchester-united-v-burnley-tottenham-v-bournemouth-premier-league-efl-and-more-live,2025-08-30,2025-08-25
united-kingdom,The Guardian,Manchester United squeeze past Burnley with controversial Fernandes penalty,https://www.theguardian.com/football/2025/aug/30/manchester-united-burnley-premier-league-match-report,2025-08-30,2025-08-25
united-kingdom,The Guardian,Here’s what to know about the court ruling striking down Trump’s tariffs,https://www.theguardian.com/us-news/2025/aug/30/trump-tariffs-explainer,2025-08-30,2025-08-25
united-kingdom,The Guardian,Women’s Rugby World Cup needs jeopardy to stay in Monday morning conversations | Andy Bull,https://www.theguardian.com/sport/2025/aug/30/womens-rugby-world-cup-needs-jeopardy-to-stay-in-monday-morning-conversations,2025-08-30,2025-08-25
united-kingdom,The Guardian,Rangers and Celtic fans united in anger going into derby after European disasters,https://www.theguardian.com/football/2025/aug/30/rangers-and-celtic-fans-united-in-anger-going-into-derby-after-european-disasters,2025-08-30,2025-08-25
united-kingdom,The Guardian,Trump news at a glance: court ruling threatens to upend Trump’s tariffs; Kamala’s security detail revoked,https://www.theguardian.com/us-news/2025/aug/30/trump-administration-news-today,2025-08-30,2025-08-25
united-kingdom,The Guardian,Police warn protesters not to travel to Epping after asylum hotel ruling – as it happened,https://www.theguardian.com/politics/live/2025/aug/29/latest-live-uk-politics-news-updates-asylum-hotels-labour-conservatives-reform,2025-08-29,2025-08-25
united-kingdom,The Guardian,Amorim admits he sometimes ‘hates’ United players and some days ‘wants to quit’,https://www.theguardian.com/football/2025/aug/29/ruben-amorim-manchester-united-head-coach-burnley-premier-league-grimsby-carabao-cup-kobbie-mainoo,2025-08-29,2025-08-25
united-kingdom,The Guardian,Premier League team news: predicted lineups for the weekend action,https://www.theguardian.com/football/2025/aug/29/premier-league-team-news-predicted-lineups-for-the-weekend-action,2025-08-29,2025-08-25
united-kingdom,The Guardian,"Solskjær, Mourinho and a warning for Amorim after Manchester United | Football Daily",https://www.theguardian.com/football/2025/aug/29/solskjaer-mourinho-amorim-warning-manchester-united,2025-08-29,2025-08-25
united-kingdom,The Guardian,My favourite childhood outfit: ‘I am in classic British beachwear – a cardigan knitted by my nan’,https://www.theguardian.com/lifeandstyle/2025/aug/29/my-favourite-childhood-outfit-i-am-in-classic-british-beachwear-a-cardigan-knitted-by-my-nan,2025-08-29,2025-08-25
united-kingdom,The Guardian,"New season, new things: extreme non-football actions and children on the pitch | Max Rushden",https://www.theguardian.com/football/2025/aug/29/new-season-premier-league-extreme-non-football-actions-and-children-on-the-pitch,2025-08-29,2025-08-25
united-kingdom,Al Jazeera,"Russia, China slam European nations over Iran ‘snapback’ sanctions move",https://www.aljazeera.com/news/2025/8/29/russia-china-slam-european-nations-over-iran-snapback-sanctions-move,2025-08-29,2025-08-25
united-kingdom,Al Jazeera,UK bans Israeli officials from major arms exhibition,https://www.aljazeera.com/news/2025/8/29/uk-bans-israeli-officials-from-major-arms-exhibition,2025-08-29,2025-08-25
united-kingdom,Al Jazeera,How triggering snapback sanctions may deepen Iran nuclear crisis,https://www.aljazeera.com/news/2025/8/29/how-triggering-snapback-sanctions-may-deepen-iran-nuclear-crisis,2025-08-29,2025-08-25
united-kingdom,The Guardian,Manchester United agree £40m fee with Chelsea for sale of Alejandro Garnacho,https://www.theguardian.com/football/2025/aug/28/christopher-nkunku-milan-chelsea,2025-08-28,2025-08-25
united-kingdom,The Guardian,‘The whole town was out after’: Grimsby fans still in disbelief after beating Manchester United,https://www.theguardian.com/uk-news/2025/aug/28/grimsby-football-fans-proud-victory-manchester-united,2025-08-28,2025-08-25
united-kingdom,The Guardian,Ruben Amorim says ‘something has to change’ at United. What should that be?,https://www.theguardian.com/football/2025/aug/28/ruben-amorim-says-something-has-to-change-at-united-what-should-that-be,2025-08-28,2025-08-25
united-kingdom,The Guardian,Amorim’s methods questioned as some at Manchester United believe he may quit,https://www.theguardian.com/football/2025/aug/28/ruben-amorim-methods-questioned-at-manchester-united,2025-08-28,2025-08-25
united-kingdom,The Guardian,Manchester United in a funk after coastal sojourn to Grimsby turns Super Bad | Football Daily,https://www.theguardian.com/football/2025/aug/28/manchester-united-in-funk-grimsby-turns-super-bad-football-daily,2025-08-28,2025-08-25
united-kingdom,The Guardian,Pandemonium and pure joy: how my club Grimsby beat impossible odds to stun United | Jason Stockwood,https://www.theguardian.com/football/2025/aug/28/grimsby-manchester-united-how-beat-jason-stockwood,2025-08-28,2025-08-25
united-kingdom,The Guardian,"Grimsby deepen ridicule for Ruben Amorim as he ploughs on with flawed, final stand | Jonathan Liew",https://www.theguardian.com/football/2025/aug/28/ruben-amorim-manchester-united-grimsby,2025-08-28,2025-08-25
united-kingdom,The Guardian,Ukraine war briefing: Zelenskyy picks Olha Stefanishyna as ambassador to US,https://www.theguardian.com/world/2025/aug/28/ukraine-war-briefing-zelenskyy-picks-olha-stefanishyna-as-ambassador-to-us,2025-08-28,2025-08-25
united-kingdom,Al Jazeera,Are European powers pushing Iran into a corner with UN sanctions threat?,https://www.aljazeera.com/news/2025/8/28/will-the-e3-snapback-un-sanctions-on-iran,2025-08-28,2025-08-25
united-kingdom,The Guardian,Amorim insists ‘something has to change’ after Manchester United stunned by Grimsby,https://www.theguardian.com/football/2025/aug/27/amorim-sorry-for-manchester-united-fans-and-questions-players-desire,2025-08-27,2025-08-25
united-kingdom,The Guardian,"US Open tennis 2025: Norrie sets up Djokovic date, Draper withdraws after Raducanu win – as it happened",https://www.theguardian.com/sport/live/2025/aug/27/us-open-tennis-2025-raducanu-djokovic-and-pegula-in-action-on-day-four-live,2025-08-27,2025-08-25
united-kingdom,The Guardian,"Fritz, Pegula and Navarro lead American charge into US Open third round",https://www.theguardian.com/sport/2025/aug/27/us-open-americans-fritz-pegula-navarro-second-round,2025-08-27,2025-08-25
united-kingdom,The Guardian,"Grimsby beat Manchester United, Club Brugge thrash Rangers, and more: Champions League and Carabao Cup – as it happened",https://www.theguardian.com/football/live/2025/aug/27/club-brugge-v-rangers-grimsby-v-manchester-united-and-more-champions-league-and-carabao-cup-live,2025-08-27,2025-08-25
united-kingdom,The Guardian,Glorious Grimsby humiliate Manchester United with Carabao Cup shootout victory,https://www.theguardian.com/football/2025/aug/27/grimsby-manchester-united-carabao-cup-second-round-match-report,2025-08-27,2025-08-25
united-kingdom,The Guardian,DC mayor says she ‘greatly appreciates’ Trump’s surge of federal officers but adds there is ‘break in trust’ with residents – as it happened,https://www.theguardian.com/us-news/live/2025/aug/27/donald-trump-tariffs-india-us-politics-latest-updates-news,2025-08-27,2025-08-25
united-kingdom,The Guardian,Chelsea close in on deal for Manchester United’s Alejandro Garnacho,https://www.theguardian.com/football/2025/aug/27/chelsea-close-in-on-deal-for-manchester-uniteds-alejandro-garnacho,2025-08-27,2025-08-25
united-kingdom,The Guardian,Denmark issues first apology over forced contraception of Greenlandic women,https://www.theguardian.com/world/2025/aug/27/denmark-pm-apologises-over-physical-and-psychological-harm-caused-by-iud-scandal,2025-08-27,2025-08-25
united-kingdom,The Guardian,Denmark summons US diplomat over alleged Greenland influence campaign,https://www.theguardian.com/world/2025/aug/27/denmark-summons-us-diplomat-over-alleged-greenland-influence-campaign,2025-08-27,2025-08-25
united-kingdom,The Guardian,"UK politics: Tories and Reform offer only ‘easy answers and snake oil’ on UK-EU relationship, minister warns – as it happened",https://www.theguardian.com/politics/live/2025/aug/27/conservatives-consider-deal-afghanistan-migrants-uk-politics-latest-updates-news,2025-08-27,2025-08-25
united-kingdom,The Guardian,United’s Terland pummels PSV with treble in Women’s Champions League qualifying,https://www.theguardian.com/football/2025/aug/27/manchester-united-psv-womens-champions-league-second-qualifying-round-semi-final-match-report,2025-08-27,2025-08-25
united-kingdom,The Guardian,TV tonight: the art wunderkind behind an $86m art fraud scandal,https://www.theguardian.com/tv-and-radio/2025/aug/27/tv-tonight-art-gallery-wunderkind-made-in-chelsea-star-86m-art-fraud,2025-08-27,2025-08-25
united-kingdom,Al Jazeera,Why ICJ Judge Sebutinde faces calls to quit from Israel genocide case,https://www.aljazeera.com/news/2025/8/27/why-icj-judge-sebutinde-faces-calls-to-quit-from-israel-genocide-case,2025-08-27,2025-08-25
united-kingdom,The Guardian,From an A-League title to the brink of collapse: how did it all go wrong for Western United? | Jack Snape,https://www.theguardian.com/football/2025/aug/27/from-an-a-league-title-to-the-brink-of-collapse-how-did-it-all-go-wrong-for-western-united,2025-08-26,2025-08-25
united-kingdom,The Guardian,More pain for Reeves as government borrowing cost nears 27-year high,https://www.theguardian.com/business/2025/aug/26/more-pain-reeves-government-borrowing-jumps-26-year-high,2025-08-26,2025-08-25
united-kingdom,The Guardian,Some of us boomers would love to downsize – but where to? | Letters,https://www.theguardian.com/society/2025/aug/26/some-of-us-boomers-would-love-to-downsize-but-where-to,2025-08-26,2025-08-25
united-kingdom,The Guardian,Mainoo wants to leave Manchester United after being sidelined by Amorim,https://www.theguardian.com/football/2025/aug/26/transfers-manchester-united-kobbie-mainoo-ruben-amorim-alejandro-garnacho-chelsea,2025-08-26,2025-08-25
united-kingdom,The Guardian,Is the AI boom finally starting to slow down?,https://www.theguardian.com/technology/2025/aug/25/artificial-intelligence-openai-tiktok,2025-08-26,2025-08-25
united-kingdom,The Guardian,Gaupset to Zigiotti: stars to watch in Women’s Champions League this week  | Moving the Goalposts,https://www.theguardian.com/football/2025/aug/26/gaupset-to-zigiotti-stars-to-watch-in-womens-champions-league-this-week,2025-08-26,2025-08-25
united-kingdom,The Guardian,"Manchester United not equipped for Europe this season, admits Ruben Amorim",https://www.theguardian.com/football/2025/aug/26/manchester-united-not-equipped-for-europe-this-season-admits-ruben-amorim,2025-08-26,2025-08-25
united-kingdom,The Guardian,Grimsby seek to build on foundations to ‘make it as hostile as we can’ for Manchester United,https://www.theguardian.com/football/2025/aug/26/grimsby-seek-to-build-on-foundations-to-make-it-as-hostile-as-we-can-for-manchester-united,2025-08-26,2025-08-25
united-kingdom,The Guardian,"World Sevens Football coming to Fort Lauderdale in December, with NWSL teams in talks to participate",https://www.theguardian.com/football/2025/aug/26/world-sevens-football-fort-lauderdale,2025-08-26,2025-08-25
united-kingdom,The Guardian,What Trump’s move to fire Fed governor means for central bank’s independence,https://www.theguardian.com/business/2025/aug/25/trump-federal-reserve-lisa-cook-explained,2025-08-26,2025-08-25
united-kingdom,The Guardian,Kai Havertz ruled out of Arsenal and Germany games and may need surgery,https://www.theguardian.com/football/2025/aug/26/kai-havertz-ruled-out-arsenal-germany-games-may-need-surgery,2025-08-26,2025-08-25
united-kingdom,The Guardian,Football transfer rumours: Kobbie Mainoo to consider Manchester United exit?,https://www.theguardian.com/football/2025/aug/26/football-transfer-rumours-kobbie-mainoo-to-consider-manchester-united-exit,2025-08-26,2025-08-25
france,The Guardian,"UK still intends to recognise a Palestinian state, David Lammy to tell MPs",https://www.theguardian.com/politics/2025/aug/31/uk-still-intends-to-recognise-a-palestinian-state-david-lammy-to-tell-mps,2025-08-31,2025-08-25
france,The Guardian,"Israeli airstrikes and gunfire have killed 30 around Gaza City, local officials say",https://www.theguardian.com/world/2025/aug/31/israeli-airstrikes-gunfire-gaza-city,2025-08-31,2025-08-25
france,The Guardian,Lyon mayor condemns ‘Free Gaza’ defacement of Holocaust memorial,https://www.theguardian.com/world/2025/aug/31/lyon-mayor-condemns-free-gaza-defacement-of-holocaust-memorial,2025-08-31,2025-08-25
france,The Guardian,Vladimir Putin meets Xi Jinping arrives in China for security summit – Ukraine war live,https://www.theguardian.com/world/live/2025/aug/31/russia-ukraine-war-control-major-ukrainian-city-latest-updates-news-live,2025-08-31,2025-08-25
france,The Guardian,David Hockney’s 90-metre Normandy nature frieze to be shown in London,https://www.theguardian.com/artanddesign/2025/aug/31/david-hockneys-90-metre-normandy-nature-frieze-to-be-shown-in-london,2025-08-31,2025-08-25
france,The Guardian,I’m a liberal who loves hunting. Allow me to change your mind,https://www.theguardian.com/us-news/ng-interactive/2025/aug/31/hunting-personal-essay,2025-08-31,2025-08-25
france,The Guardian,Family of French woman killed by ex-partner to go to court to find out why she was not protected,https://www.theguardian.com/world/2025/aug/31/family-of-french-woman-killed-by-ex-partner-to-go-to-court-to-find-out-why-she-was-not-protected,2025-08-31,2025-08-25
france,The Guardian,‘I watched the children uncurl’: people share stories of affordable UK camping holidays,https://www.theguardian.com/travel/2025/aug/31/people-share-stories-of-affordable-uk-camping-holidays,2025-08-31,2025-08-25
france,The Guardian,Richard Tice hits back at C of E criticism of Reform immigration policy,https://www.theguardian.com/politics/2025/aug/31/richard-tice-church-archbishop-criticism-reform-immigration-policy,2025-08-31,2025-08-25
france,The Guardian,"Bullfights, ballet and hot jazz: inside Picasso’s scandalous theatre of sex and death",https://www.theguardian.com/artanddesign/2025/aug/31/pablo-picasso-theatre-dance-tate-modern-weeping-woman,2025-08-31,2025-08-25
france,The Guardian,Sally Phillips: ‘I saw Hugh Grant and I screamed. I was surprised he was human-size’,https://www.theguardian.com/culture/2025/aug/31/sally-phillips-10-questions-interview,2025-08-30,2025-08-25
france,The Guardian,Crystal Palace reject £35m Liverpool bid for England defender Marc Guéhi,https://www.theguardian.com/football/2025/aug/30/crystal-palace-reject-35m-liverpool-bid-for-england-defender-marc-guehi,2025-08-30,2025-08-25
france,The Guardian,"Seven Israeli soldiers wounded in explosion in Gaza City, IDF says",https://www.theguardian.com/world/2025/aug/30/israeli-soldiers-wounded-gaza-city-explosion-armoured-vehicle,2025-08-30,2025-08-25
france,The Guardian,Ukrainian lawmaker shot dead in Lviv as Zelenskyy says hunt for killer is under way – as it happened,https://www.theguardian.com/world/live/2025/aug/30/russia-ukraine-war-live-news-updates-zaporizhzhia,2025-08-30,2025-08-25
france,The Guardian,"Car rams into crowd outside bar in northern France, killing one",https://www.theguardian.com/world/2025/aug/30/car-rams-crowd-outside-bar-evreux-northern-france-death-normandy,2025-08-30,2025-08-25
france,The Guardian,"‘Garnet red with a delicious flavour’: the best supermarket strawberry jams, tasted and rated",https://www.theguardian.com/thefilter/2025/aug/30/best-supermarket-strawberry-jams-tasted-rated,2025-08-30,2025-08-25
france,The Guardian,"Never mind the flag bans, where are the policies? Assessing 100 days of Reform-led councils",https://www.theguardian.com/politics/ng-interactive/2025/aug/30/100-days-of-reform-led-councils-flag-bans-policies,2025-08-30,2025-08-25
france,The Guardian,Women’s Rugby World Cup needs jeopardy to stay in Monday morning conversations | Andy Bull,https://www.theguardian.com/sport/2025/aug/30/womens-rugby-world-cup-needs-jeopardy-to-stay-in-monday-morning-conversations,2025-08-30,2025-08-25
france,The Guardian,From Caught Stealing to CMAT: your complete entertainment guide to the week ahead,https://www.theguardian.com/culture/2025/aug/30/going-out-staying-in-conmplete-guide-weeks-entertainment,2025-08-30,2025-08-25
france,The Guardian,"‘La tapisserie, c’est moi’: Macron accused of putting politics first in Bayeux tapestry loan",https://www.theguardian.com/world/2025/aug/30/emmanuel-macron-bayeux-tapestry-loan-british-museum-petition,2025-08-30,2025-08-25
france,The Guardian,My favourite childhood outfit: ‘I liked this M&S jacket so much I’ve bought a vintage one for my daughter’,https://www.theguardian.com/fashion/2025/aug/30/my-favourite-childhood-outfit-i-liked-this-ms-jacket-so-much-ive-bought-a-vintage-one-for-my-daughter,2025-08-30,2025-08-25
france,The Guardian,‘Far more dangerous than war’: Iranians brace for prospect of UN sanctions,https://www.theguardian.com/world/2025/aug/30/far-more-dangerous-than-war-iranians-brace-for-prospect-of-un-sanctions,2025-08-30,2025-08-25
france,The Guardian,"‘Jeff Buckley was a once-in-a-lifetime’: Australia’s 30-year love affair with an enduring, tragic talent",https://www.theguardian.com/music/2025/aug/30/jeff-buckley-30-year-anniversary-first-australia-tour,2025-08-30,2025-08-25
france,The Guardian,Women’s Super League 2025-26 previews No 6: Leicester,https://www.theguardian.com/football/2025/aug/30/womens-super-league-2025-26-previews-no-6-leicester,2025-08-29,2025-08-25
france,The Guardian,Police warn protesters not to travel to Epping after asylum hotel ruling – as it happened,https://www.theguardian.com/politics/live/2025/aug/29/latest-live-uk-politics-news-updates-asylum-hotels-labour-conservatives-reform,2025-08-29,2025-08-25
france,The Guardian,‘It doesn’t have to be like an Airbnb’: how to travel through house swapping and sitting,https://www.theguardian.com/travel/2025/aug/30/house-swapping-sitting-doesnt-have-to-be-airbnb-how-to,2025-08-29,2025-08-25
france,The Guardian,US denies visas to Palestinian Authority leaders for UN general assembly,https://www.theguardian.com/world/2025/aug/29/us-denies-palestinian-authority-visa-general-assembly,2025-08-29,2025-08-25
france,The Guardian,"Labour won the legal battle over asylum hotels, but the right is running the story",https://www.theguardian.com/uk-news/2025/aug/29/labour-won-the-legal-battle-over-asylum-hotels-but-the-right-is-running-the-story,2025-08-29,2025-08-25
france,The Guardian,"IDF declares famine-hit Gaza City a combat zone, ending ‘tactical pauses’ that allowed limited food delivery – as it happened",https://www.theguardian.com/world/live/2025/aug/29/gaza-famine-israel-middle-east-lastest-news-updates,2025-08-29,2025-08-25
france,The Guardian,"Palace must keep Guéhi because finding replacement ‘almost impossible’, says Glasner",https://www.theguardian.com/football/2025/aug/29/palace-must-keep-guehi-because-finding-replacement-almost-impossible-says-glasner,2025-08-29,2025-08-25
france,The Guardian,"Alexander-Arnold left out of England squad, Europa League draw and more: football news – as it happened",https://www.theguardian.com/football/live/2025/aug/29/mourinho-sacked-by-fenerbahce-simmons-to-join-spurs-and-more-football-news-live,2025-08-29,2025-08-25
france,The Guardian,"Trump will have been ‘played’ if Putin avoids Zelenskyy meeting, warns Macron – as it happened",https://www.theguardian.com/world/live/2025/aug/29/ukraine-russia-war-zelenskyy-putin-latest-europe-news-updates-live,2025-08-29,2025-08-25
france,The Guardian,Tottenham sign £51.8m Xavi Simons from Leipzig after Chelsea leave path clear,https://www.theguardian.com/football/2025/aug/29/tottenham-poised-sign-xavi-simons-chelsea-rb-leipzig,2025-08-29,2025-08-25
france,The Guardian,EU accuses Putin of undermining peace talks after deadly strikes on Kyiv,https://www.theguardian.com/world/2025/aug/29/eu-accuses-putin-of-undermining-peace-talks-after-deadly-strikes-on-kyiv,2025-08-29,2025-08-25
france,The Guardian,UK bank shares fall as City fears budget tax raid; US trade deficit surges – as it happened,https://www.theguardian.com/business/live/2025/aug/29/uk-business-confidence-rises-economy-fears-stock-market-bonds-inflation-business-live-news-updates,2025-08-29,2025-08-25
france,The Guardian,‘It’s like Sleeping Beauty; we have to wake them’: winemakers urged to help save earthworms,https://www.theguardian.com/environment/2025/aug/29/vineyards-winemakers-urged-help-save-earthworms,2025-08-29,2025-08-25
france,The Guardian,‘Just hysteria’: UK faces a crisis but the Denis Healey comparison is overblown,https://www.theguardian.com/politics/2025/aug/29/uk-crisis-denis-healey-comparison-rachel-reeves,2025-08-29,2025-08-25
france,The Guardian,P&O chief who prompted outrage by sacking nearly 800 staff is to quit,https://www.theguardian.com/business/2025/aug/29/peter-hebblethwaite-britain-most-hated-boss-po-ferries-to-quit,2025-08-29,2025-08-25
france,The Guardian,UN to end Lebanon peacekeeping mission next year after Israeli and US pressure,https://www.theguardian.com/world/2025/aug/29/un-unifil-lebanon-peacekeeping-mission-withdrawal,2025-08-29,2025-08-25
france,The Guardian,Anna Moorhouse: ‘England’s Euro 2025 win put my heart rate through the roof’,https://www.theguardian.com/football/2025/aug/29/lioness-anna-moorhouse-win-euro-2025-orlando-pride,2025-08-29,2025-08-25
france,The Guardian,‘He’s a real human being with flaws’: the complicated life of Alexander McQueen hits the stage,https://www.theguardian.com/stage/2025/aug/29/alexander-house-mcqueen-broadway-play,2025-08-29,2025-08-25
france,The Guardian,UK bans Israeli officials from flagship defence show,https://www.theguardian.com/politics/2025/aug/29/uk-bans-israeli-officials-from-flagship-defence-show,2025-08-29,2025-08-25
france,The Guardian,"Chess: Wesley So wins $350,000 Sinquefield Cup as world champion Gukesh fails again",https://www.theguardian.com/sport/2025/aug/29/chess-wesley-so-wins-350000-sinquefield-cup-as-world-champion-gukesh-fails-again,2025-08-29,2025-08-25
france,The Guardian,Friday briefing: Why are Palestinians shut out of post-war plans while former PM discusses their future?,https://www.theguardian.com/world/2025/aug/29/friday-briefing-why-are-palestinians-shut-out-of-post-war-plans-while-tony-blair-discusses-their-future,2025-08-29,2025-08-25
france,Al Jazeera,"Germany, France push for secondary sanctions on Russia amid Ukraine war",https://www.aljazeera.com/news/2025/8/29/germany-france-push-for-secondary-sanctions-on-russia-amid-ukraine-war,2025-08-29,2025-08-25
france,Al Jazeera,"Russia, China slam European nations over Iran ‘snapback’ sanctions move",https://www.aljazeera.com/news/2025/8/29/russia-china-slam-european-nations-over-iran-snapback-sanctions-move,2025-08-29,2025-08-25
france,Al Jazeera,UK bans Israeli officials from major arms exhibition,https://www.aljazeera.com/news/2025/8/29/uk-bans-israeli-officials-from-major-arms-exhibition,2025-08-29,2025-08-25
france,Al Jazeera,How triggering snapback sanctions may deepen Iran nuclear crisis,https://www.aljazeera.com/news/2025/8/29/how-triggering-snapback-sanctions-may-deepen-iran-nuclear-crisis,2025-08-29,2025-08-25
france,The Guardian,Noah Lyles makes it six in a row with thrilling 200m win in Diamond League final,https://www.theguardian.com/sport/2025/aug/28/noah-lyles-makes-it-six-in-a-row-with-thrilling-200m-win-in-diamond-league-final,2025-08-28,2025-08-25
france,The Guardian,"Morning Mail: Porepunkah suspect accused of spying on neighbour, ‘permission to shoot’ exploited, Sydney’s big marathon",https://www.theguardian.com/australia-news/2025/aug/29/morning-mail-friday-ntwnfb,2025-08-28,2025-08-25
france,The Guardian,Corrections and clarifications,https://www.theguardian.com/news/2025/aug/28/corrections-and-clarifications,2025-08-28,2025-08-25
france,The Guardian,Manchester United agree £40m fee with Chelsea for sale of Alejandro Garnacho,https://www.theguardian.com/football/2025/aug/28/christopher-nkunku-milan-chelsea,2025-08-28,2025-08-25
france,The Guardian,Judges to rule on Epping hotel injunction on Friday – as it happened,https://www.theguardian.com/politics/live/2025/aug/28/latest-uk-politics-news-keir-starmer-rachel-reeves-labour-live-updates,2025-08-28,2025-08-25
france,The Guardian,UK and EU summon top Russian diplomats after strikes hit British Council and EU offices in deadly attack on Kyiv - as it happened,https://www.theguardian.com/world/live/2025/aug/28/ukraine-kyiv-strike-russia-europe-zelenskyy-putin-updates-live-news-latest,2025-08-28,2025-08-25
france,Al Jazeera,Are European powers pushing Iran into a corner with UN sanctions threat?,https://www.aljazeera.com/news/2025/8/28/will-the-e3-snapback-un-sanctions-on-iran,2025-08-28,2025-08-25
france,Al Jazeera,Macron hits back at Netanyahu over claims of fuelling anti-Semitism,https://www.aljazeera.com/news/2025/8/27/macron-hits-back-at-netanyahu-over-claims-of-feulling-anti-semitism,2025-08-27,2025-08-25
france,Al Jazeera,"France returns human skulls to Madagascar, 128 years after French massacre",https://www.aljazeera.com/news/2025/8/27/france-returns-human-skulls-to-madagascar-128-years-after-french-massacre,2025-08-27,2025-08-25
taiwan,The Guardian,"Putin, Modi and Erdoğan among leaders in China for talks with Xi",https://www.theguardian.com/world/2025/aug/31/putin-modi-erdogan-xi-china-talks,2025-08-31,2025-08-25
taiwan,The Guardian,US appeals court rules most of Trump’s sweeping global tariffs illegal – as it happened,https://www.theguardian.com/us-news/live/2025/aug/29/cdc-robert-f-kennedy-jr-donald-trump-federal-reserve-lisa-cook-latest-us-politics-news-live-updates,2025-08-30,2025-08-25
taiwan,The Guardian,"Taiwan has ‘right to remain free’, US senator says in visit criticised by China",https://www.theguardian.com/world/2025/aug/29/us-senators-taiwan-visit-taipei-china-criticism,2025-08-29,2025-08-25
taiwan,The Guardian,Afternoon Update: hundreds of police join Porepunkah manhunt; PM criticises Katter’s outburst; and inside the world of pigeon racing,https://www.theguardian.com/australia-news/2025/aug/29/afternoon-update-friday-ntwnfb,2025-08-29,2025-08-25
taiwan,The Guardian,"Drugs, smuggling and abductions: inside the fast and furious world of pigeon racing in Taiwan",https://www.theguardian.com/world/2025/aug/29/pigeon-racing-taiwain-ntwnfb,2025-08-29,2025-08-25
taiwan,Al Jazeera,"Taiwan has right to ‘preserve self-determination’, US senator says",https://www.aljazeera.com/news/2025/8/29/top-us-senators-arrive-in-taiwan-to-discuss-security-amid-china,2025-08-29,2025-08-25
taiwan,The Guardian,Taipei City council in the dog house over Chinese-made patrol robot,https://www.theguardian.com/world/2025/aug/28/taipei-city-council-in-the-dog-house-over-chinese-made-patrol-robot,2025-08-28,2025-08-25
taiwan,The Guardian,Nvidia sets fresh sales record amid fears of an AI bubble and Trump’s trade wars,https://www.theguardian.com/technology/2025/aug/27/nvidia-second-quarter-earnings,2025-08-28,2025-08-25
taiwan,The Guardian,Trump tariffs are reshaping old alliances as the global south plots its own path,https://www.theguardian.com/us-news/2025/aug/27/trumps-tariffs-trade-war,2025-08-27,2025-08-25
taiwan,Al Jazeera,Magnitude 6 offshore earthquake rattles Taiwan’s northeast,https://www.aljazeera.com/news/2025/8/27/taiwans-northeast-rattled-by-magnitude-6-offshore-earthquake,2025-08-27,2025-08-25
taiwan,The Guardian,Postal services around the world suspend deliveries to US: how will it affect you?,https://www.theguardian.com/us-news/2025/aug/26/postal-services-suspend-us-usa-deliveries-how-will-it-affect-you,2025-08-26,2025-08-25
taiwan,The Guardian,New allegations against Smartmatic executive in company’s voting machine contract with LA county,https://www.theguardian.com/us-news/2025/aug/20/smartmatic-voting-machines-bribery,2025-08-25,2025-08-25
taiwan,The Guardian,"Heatwaves are making people age faster, study suggests",https://www.theguardian.com/environment/2025/aug/25/heatwaves-making-people-age-faster-study-suggests,2025-08-25,2025-08-25
united-states,UN Press,Daily Press Briefing by the Office of the Spokesperson for the Secretary-General,https://press.un.org/en/2025/db250829.doc.htm,2025-08-29,2025-08-25
united-states,UN Press,"Secretary-General Expresses Regret Over Declaration of Resident Coordinator as Persona Non Grata in Burkina Faso, Reaffirms Support for Country",https://press.un.org/en/2025/sgsm22781.doc.htm,2025-08-29,2025-08-25
united-states,UN Press,"Brutal Escalation of Large-Scale Russian Federation Attacks on Ukraine Setting Grim Casualty Records, Jeopardizing Fragile Diplomatic Momentum, Security Council Hears",https://press.un.org/en/2025/sc16160.doc.htm,2025-08-29,2025-08-25
united-states,UN Press,Marine Biodiversity Treaty’s Preparatory Commission Concludes Second Session as Mounting Ratifications Raise Stakes for Intersessional Work,https://press.un.org/en/2025/sea2245.doc.htm,2025-08-29,2025-08-25
united-states,UN Press,Daily Press Briefing by the Office of the Spokesperson for the Secretary-General,https://press.un.org/en/2025/db250828.doc.htm,2025-08-28,2025-08-25
united-states,UN Press,"United Nations Palestinian Rights Committee Bureau Denounces E1 Settlement Plan, Demands Immediate Halt of All Illegal Settlement Activity",https://press.un.org/en/2025/gapal1484.doc.htm,2025-08-28,2025-08-25
united-states,UN Press,"Amid Relentless Armed Violence, Collapsing Schools, Hospitals, Haiti Facing ‘Perfect Storm of Suffering’, Secretary-General Warns Security Council",https://press.un.org/en/2025/sc16158.doc.htm,2025-08-28,2025-08-25
united-states,UN Press,"As Gaza Faces Famine, United Nations Committee on Palestinian Rights Urges World Leaders to Back Two-State Solution at General Assembly’s High-Level Session",https://press.un.org/en/2025/gapal1485.doc.htm,2025-08-28,2025-08-25
united-states,UN Press,"Nearing End of Second Session, Preparatory Commission for High-Seas Biodiversity Treaty Discusses Rules of Procedure, Cooperation Arrangements",https://press.un.org/en/2025/sea2244.doc.htm,2025-08-28,2025-08-25
united-states,UN Press,"Haiti Still ‘Shamefully Overlooked and Woefully Underfunded’, Secretary-General Warns Security Council, Urging Donors to Act Now Before Life-Saving Operations Stop",https://press.un.org/en/2025/sgsm22778.doc.htm,2025-08-28,2025-08-25
united-states,UN Press,"Unanimously Adopting Resolution 2790 (2025), Security Council Extends Mandate of United Nations Interim Force in Lebanon",https://press.un.org/en/2025/sc16159.doc.htm,2025-08-28,2025-08-25
united-states,UN Press,Daily Press Briefing by the Office of the Spokesperson for the Secretary-General,https://press.un.org/en/2025/db250827.doc.htm,2025-08-27,2025-08-25
united-states,UN Press,United Nations Palestinian Rights Committee Bureau Calls for Urgent Action to End Gaza Famine,https://press.un.org/en/2025/gapal1483.doc.htm,2025-08-27,2025-08-25
united-states,UN Press,"Gaza’s Population Systematically Being Starved to Death, Speakers Warn Security Council, Demanding Immediate Ceasefire, End to Deliberate Famine",https://press.un.org/en/2025/sc16157.doc.htm,2025-08-27,2025-08-25
united-states,UN Press,"As Marine Biodiversity Treaty’s Entry into Force Draws Closer, Preparatory Commission Continues Second Session",https://press.un.org/en/2025/sea2243.doc.htm,2025-08-27,2025-08-25
united-states,UN Press,"Briefing Security Council, Senior Official Stresses Importance of Cooperation, Warns against Politicization of Nord Stream Investigations",https://press.un.org/en/2025/sc16156.doc.htm,2025-08-26,2025-08-25
united-states,UN Press,"Preparatory Commission for Marine Biodiversity Treaty Revisits Matters concerning Subsidiary Bodies, Financing",https://press.un.org/en/2025/sea2242.doc.htm,2025-08-26,2025-08-25
united-states,UN Press,Daily Press Briefing by the Office of the Spokesperson for the Secretary-General,https://press.un.org/en/2025/db250826.doc.htm,2025-08-26,2025-08-25
united-states,UN Press,Secretary-General Welcomes General Assembly Decision to Establish New Mechanisms Promoting International Cooperation on Governance of Artificial Intelligence,https://press.un.org/en/2025/sgsm22776.doc.htm,2025-08-26,2025-08-25
united-states,UN Press,"General Assembly Takes Action on Drafts on Security Council Equitable Representation, Increased Membership, Artificial Intelligence, Other Matters",https://press.un.org/en/2025/ga12699.doc.htm,2025-08-26,2025-08-25
united-states,UN Press,New Permanent Representative of Jordan Presents Credentials,https://press.un.org/en/2025/bio5598.doc.htm,2025-08-25,2025-08-25
united-states,UN Press,New Permanent Representative of Lebanon Presents Credentials,https://press.un.org/en/2025/bio5599.doc.htm,2025-08-25,2025-08-25
united-states,UN Press,Daily Press Briefing by the Office of the Spokesperson for the Secretary-General,https://press.un.org/en/2025/db250825.doc.htm,2025-08-25,2025-08-25
united-states,UN Press,New Permanent Representative of Trinidad and Tobago Presents Credentials,https://press.un.org/en/2025/bio5600.doc.htm,2025-08-25,2025-08-25
united-states,UN Press,New Permanent Representative of Germany Presents Credentials,https://press.un.org/en/2025/bio5602.doc.htm,2025-08-25,2025-08-25
united-states,UN Press,"Security, Development Intertwined — Lasting Peace Demands Both, Says Deputy Secretary-General, in Remarks to African Chiefs of Defence Summit",https://press.un.org/en/2025/dsgsm1999.doc.htm,2025-08-25,2025-08-25
united-states,UN Press,"Ocean Biodiversity Treaty’s Preparatory Commission Revisits Agreement’s Clearing-House Mechanism, Relationship with Global Environment Facility",https://press.un.org/en/2025/sea2241.doc.htm,2025-08-25,2025-08-25
united-states,UN Press,"General Assembly Debates Global Health Challenges, Report of Youth Office, Takes Action on Drafts on Several Topics",https://press.un.org/en/2025/ga12698.doc.htm,2025-08-25,2025-08-25
united-kingdom,UN Press,"Brutal Escalation of Large-Scale Russian Federation Attacks on Ukraine Setting Grim Casualty Records, Jeopardizing Fragile Diplomatic Momentum, Security Council Hears",https://press.un.org/en/2025/sc16160.doc.htm,2025-08-29,2025-08-25
united-kingdom,UN Press,Marine Biodiversity Treaty’s Preparatory Commission Concludes Second Session as Mounting Ratifications Raise Stakes for Intersessional Work,https://press.un.org/en/2025/sea2245.doc.htm,2025-08-29,2025-08-25
united-kingdom,UN Press,Daily Press Briefing by the Office of the Spokesperson for the Secretary-General,https://press.un.org/en/2025/db250828.doc.htm,2025-08-28,2025-08-25
united-kingdom,UN Press,"Amid Relentless Armed Violence, Collapsing Schools, Hospitals, Haiti Facing ‘Perfect Storm of Suffering’, Secretary-General Warns Security Council",https://press.un.org/en/2025/sc16158.doc.htm,2025-08-28,2025-08-25
united-kingdom,UN Press,"Nearing End of Second Session, Preparatory Commission for High-Seas Biodiversity Treaty Discusses Rules of Procedure, Cooperation Arrangements",https://press.un.org/en/2025/sea2244.doc.htm,2025-08-28,2025-08-25
united-kingdom,UN Press,"Unanimously Adopting Resolution 2790 (2025), Security Council Extends Mandate of United Nations Interim Force in Lebanon",https://press.un.org/en/2025/sc16159.doc.htm,2025-08-28,2025-08-25
united-kingdom,UN Press,"Gaza’s Population Systematically Being Starved to Death, Speakers Warn Security Council, Demanding Immediate Ceasefire, End to Deliberate Famine",https://press.un.org/en/2025/sc16157.doc.htm,2025-08-27,2025-08-25
united-kingdom,UN Press,"Briefing Security Council, Senior Official Stresses Importance of Cooperation, Warns against Politicization of Nord Stream Investigations",https://press.un.org/en/2025/sc16156.doc.htm,2025-08-26,2025-08-25
united-kingdom,UN Press,New Permanent Representative of Jordan Presents Credentials,https://press.un.org/en/2025/bio5598.doc.htm,2025-08-25,2025-08-25
united-kingdom,UN Press,"Ocean Biodiversity Treaty’s Preparatory Commission Revisits Agreement’s Clearing-House Mechanism, Relationship with Global Environment Facility",https://press.un.org/en/2025/sea2241.doc.htm,2025-08-25,2025-08-25
united-kingdom,UN Press,"General Assembly Debates Global Health Challenges, Report of Youth Office, Takes Action on Drafts on Several Topics",https://press.un.org/en/2025/ga12698.doc.htm,2025-08-25,2025-08-25
france,UN Press,"Secretary-General Appoints Diene Keita of Guinea Executive Director, United Nations Population Fund",https://press.un.org/en/2025/sga2369.doc.htm,2025-08-29,2025-08-25
france,UN Press,Daily Press Briefing by the Office of the Spokesperson for the Secretary-General,https://press.un.org/en/2025/db250829.doc.htm,2025-08-29,2025-08-25
france,UN Press,"Brutal Escalation of Large-Scale Russian Federation Attacks on Ukraine Setting Grim Casualty Records, Jeopardizing Fragile Diplomatic Momentum, Security Council Hears",https://press.un.org/en/2025/sc16160.doc.htm,2025-08-29,2025-08-25
france,UN Press,Daily Press Briefing by the Office of the Spokesperson for the Secretary-General,https://press.un.org/en/2025/db250828.doc.htm,2025-08-28,2025-08-25
france,UN Press,"United Nations Palestinian Rights Committee Bureau Denounces E1 Settlement Plan, Demands Immediate Halt of All Illegal Settlement Activity",https://press.un.org/en/2025/gapal1484.doc.htm,2025-08-28,2025-08-25
france,UN Press,"Amid Relentless Armed Violence, Collapsing Schools, Hospitals, Haiti Facing ‘Perfect Storm of Suffering’, Secretary-General Warns Security Council",https://press.un.org/en/2025/sc16158.doc.htm,2025-08-28,2025-08-25
france,UN Press,"As Gaza Faces Famine, United Nations Committee on Palestinian Rights Urges World Leaders to Back Two-State Solution at General Assembly’s High-Level Session",https://press.un.org/en/2025/gapal1485.doc.htm,2025-08-28,2025-08-25
france,UN Press,"Unanimously Adopting Resolution 2790 (2025), Security Council Extends Mandate of United Nations Interim Force in Lebanon",https://press.un.org/en/2025/sc16159.doc.htm,2025-08-28,2025-08-25
france,UN Press,"Gaza’s Population Systematically Being Starved to Death, Speakers Warn Security Council, Demanding Immediate Ceasefire, End to Deliberate Famine",https://press.un.org/en/2025/sc16157.doc.htm,2025-08-27,2025-08-25
france,UN Press,"Briefing Security Council, Senior Official Stresses Importance of Cooperation, Warns against Politicization of Nord Stream Investigations",https://press.un.org/en/2025/sc16156.doc.htm,2025-08-26,2025-08-25
france,UN Press,"General Assembly Debates Global Health Challenges, Report of Youth Office, Takes Action on Drafts on Several Topics",https://press.un.org/en/2025/ga12698.doc.htm,2025-08-25,2025-08-25
france,UN Press,New Permanent Representative of Greece Presents Credentials,https://press.un.org/en/2025/bio5601.doc.htm,2025-08-25,2025-08-25
